Employee_ID,full_name,years_of_service,age_group,salary_band,email_domain,tenure_category
EMP1000,Bob Davis,4,25-34,$50K-$75K,example.com,3-5 years
EMP1001,Bob Brown,5,Unknown,$50K-$75K,example.com,3-5 years
EMP1002,Alice Jones,1,Unknown,$75K-$100K,example.com,1-2 years
EMP1003,Eva Davis,3,25-34,$50K-$75K,example.com,3-5 years
EMP1004,Frank Williams,3,25-34,$100K-$150K,example.com,3-5 years
EMP1005,Alice Garcia,5,35-44,$75K-$100K,example.com,3-5 years
EMP1006,Frank Jones,5,Unknown,$75K-$100K,example.com,3-5 years
EMP1007,Bob Jones,3,25-34,$75K-$100K,example.com,3-5 years
EMP1008,Frank Davis,1,35-44,$100K-$150K,example.com,1-2 years
EMP1009,Charlie Johnson,3,Unknown,$75K-$100K,example.com,3-5 years
EMP1010,David Williams,1,35-44,$50K-$75K,example.com,1-2 years
EMP1011,David Davis,2,Unknown,$75K-$100K,example.com,1-2 years
EMP1012,Heidi Williams,1,25-34,$75K-$100K,example.com,1-2 years
EMP1013,Grace Williams,5,Unknown,$75K-$100K,example.com,3-5 years
EMP1014,Alice Garcia,1,25-34,$75K-$100K,example.com,1-2 years
EMP1015,Grace Jones,4,35-44,$100K-$150K,example.com,3-5 years
EMP1016,Alice Brown,1,25-34,$75K-$100K,example.com,1-2 years
EMP1017,Grace Garcia,0,25-34,$100K-$150K,example.com,Less than 1 year
EMP1018,Charlie Garcia,1,Unknown,$75K-$100K,example.com,1-2 years
EMP1019,Charlie Williams,5,35-44,$75K-$100K,example.com,3-5 years
EMP1020,Bob Miller,4,35-44,$100K-$150K,example.com,3-5 years
EMP1021,Bob Jones,5,35-44,$75K-$100K,example.com,3-5 years
EMP1022,Charlie Johnson,4,35-44,$100K-$150K,example.com,3-5 years
EMP1023,David Garcia,3,35-44,$75K-$100K,example.com,3-5 years
EMP1024,Bob Brown,5,25-34,$75K-$100K,example.com,3-5 years
EMP1025,David Miller,5,25-34,$50K-$75K,example.com,3-5 years
EMP1026,Frank Miller,2,25-34,$75K-$100K,example.com,1-2 years
EMP1027,Heidi Johnson,5,25-34,$50K-$75K,example.com,3-5 years
EMP1028,Grace Garcia,2,35-44,$75K-$100K,example.com,1-2 years
EMP1029,Alice Brown,4,35-44,$50K-$75K,example.com,3-5 years
EMP1030,Charlie Jones,4,35-44,$100K-$150K,example.com,3-5 years
EMP1031,Bob Smith,5,25-34,$100K-$150K,example.com,3-5 years
EMP1032,Charlie Brown,0,35-44,$75K-$100K,example.com,Less than 1 year
EMP1033,Grace Johnson,4,25-34,$75K-$100K,example.com,3-5 years
EMP1034,Heidi Miller,5,25-34,$75K-$100K,example.com,3-5 years
EMP1035,Frank Jones,2,25-34,$100K-$150K,example.com,1-2 years
EMP1036,Alice Brown,2,Unknown,$50K-$75K,example.com,1-2 years
EMP1037,Grace Smith,2,25-34,$50K-$75K,example.com,1-2 years
EMP1038,Frank Smith,4,35-44,$50K-$75K,example.com,3-5 years
EMP1039,Eva Williams,3,35-44,$75K-$100K,example.com,3-5 years
EMP1040,Bob Williams,4,25-34,$50K-$75K,example.com,3-5 years
EMP1041,Bob Davis,3,25-34,$100K-$150K,example.com,3-5 years
EMP1042,Alice Johnson,0,Unknown,$50K-$75K,example.com,Less than 1 year
EMP1043,Bob Garcia,2,Unknown,$50K-$75K,example.com,1-2 years
EMP1044,Eva Brown,5,Unknown,$75K-$100K,example.com,3-5 years
EMP1045,Alice Brown,4,25-34,$50K-$75K,example.com,3-5 years
EMP1046,Grace Garcia,0,Unknown,$75K-$100K,example.com,Less than 1 year
EMP1047,Alice Davis,3,35-44,$50K-$75K,example.com,3-5 years
EMP1048,Alice Miller,2,35-44,$50K-$75K,example.com,1-2 years
EMP1049,Grace Miller,0,Unknown,$50K-$75K,example.com,Less than 1 year
EMP1050,Charlie Davis,3,35-44,$100K-$150K,example.com,3-5 years
EMP1051,David Miller,3,35-44,$100K-$150K,example.com,3-5 years
EMP1052,David Williams,1,25-34,$100K-$150K,example.com,1-2 years
EMP1053,Alice Brown,0,25-34,$50K-$75K,example.com,Less than 1 year
EMP1054,Frank Davis,3,Unknown,$100K-$150K,example.com,3-5 years
EMP1055,Eva Brown,5,25-34,$75K-$100K,example.com,3-5 years
EMP1056,Frank Garcia,3,35-44,$100K-$150K,example.com,3-5 years
EMP1057,Alice Smith,1,35-44,$100K-$150K,example.com,1-2 years
EMP1058,David Williams,3,35-44,$75K-$100K,example.com,3-5 years
EMP1059,Bob Jones,3,35-44,$50K-$75K,example.com,3-5 years
EMP1060,Charlie Williams,1,25-34,$100K-$150K,example.com,1-2 years
EMP1061,Eva Davis,4,35-44,$50K-$75K,example.com,3-5 years
EMP1062,Frank Jones,4,35-44,$75K-$100K,example.com,3-5 years
EMP1063,Charlie Smith,2,25-34,$75K-$100K,example.com,1-2 years
EMP1064,David Davis,5,35-44,$50K-$75K,example.com,3-5 years
EMP1065,Bob Johnson,4,35-44,$100K-$150K,example.com,3-5 years
EMP1066,Grace Brown,5,25-34,$100K-$150K,example.com,3-5 years
EMP1067,Bob Smith,2,35-44,$75K-$100K,example.com,1-2 years
EMP1068,Bob Brown,2,35-44,$100K-$150K,example.com,1-2 years
EMP1069,Heidi Miller,1,Unknown,$100K-$150K,example.com,1-2 years
EMP1070,Charlie Johnson,1,35-44,$75K-$100K,example.com,1-2 years
EMP1071,Heidi Johnson,1,25-34,$50K-$75K,example.com,1-2 years
EMP1072,Frank Smith,4,Unknown,$75K-$100K,example.com,3-5 years
EMP1073,David Johnson,2,25-34,$75K-$100K,example.com,1-2 years
EMP1074,Grace Jones,0,35-44,$100K-$150K,example.com,Less than 1 year
EMP1075,Heidi Johnson,1,25-34,$100K-$150K,example.com,1-2 years
EMP1076,David Brown,3,35-44,$50K-$75K,example.com,3-5 years
EMP1077,Grace Brown,2,25-34,$50K-$75K,example.com,1-2 years
EMP1078,Alice Davis,0,25-34,$75K-$100K,example.com,Less than 1 year
EMP1079,Grace Brown,3,35-44,$100K-$150K,example.com,3-5 years
EMP1080,Grace Davis,1,35-44,$75K-$100K,example.com,1-2 years
EMP1081,Frank Brown,5,25-34,$100K-$150K,example.com,3-5 years
EMP1082,David Jones,5,25-34,$75K-$100K,example.com,3-5 years
EMP1083,David Garcia,4,35-44,$75K-$100K,example.com,3-5 years
EMP1084,Bob Davis,5,25-34,$100K-$150K,example.com,3-5 years
EMP1085,Grace Williams,2,35-44,$75K-$100K,example.com,1-2 years
EMP1086,Bob Miller,1,35-44,$100K-$150K,example.com,1-2 years
EMP1087,Frank Smith,5,Unknown,$75K-$100K,example.com,3-5 years
EMP1088,Grace Brown,2,35-44,$100K-$150K,example.com,1-2 years
EMP1089,Charlie Johnson,2,35-44,$50K-$75K,example.com,1-2 years
EMP1090,Heidi Garcia,4,35-44,$50K-$75K,example.com,3-5 years
EMP1091,Bob Brown,2,35-44,$75K-$100K,example.com,1-2 years
EMP1092,Alice Johnson,4,35-44,$50K-$75K,example.com,3-5 years
EMP1093,Eva Miller,5,Unknown,$75K-$100K,example.com,3-5 years
EMP1094,David Miller,1,35-44,$75K-$100K,example.com,1-2 years
EMP1095,Heidi Miller,3,25-34,$75K-$100K,example.com,3-5 years
EMP1096,Frank Johnson,3,35-44,$100K-$150K,example.com,3-5 years
EMP1097,Frank Brown,4,35-44,$50K-$75K,example.com,3-5 years
EMP1098,Bob Miller,4,Unknown,$100K-$150K,example.com,3-5 years
EMP1100,Charlie Davis,4,35-44,$75K-$100K,example.com,3-5 years
EMP1101,Heidi Johnson,3,25-34,$75K-$100K,example.com,3-5 years
EMP1102,Alice Johnson,3,35-44,$75K-$100K,example.com,3-5 years
EMP1103,Alice Brown,5,25-34,$100K-$150K,example.com,3-5 years
EMP1104,Grace Johnson,1,Unknown,$75K-$100K,example.com,1-2 years
EMP1105,Heidi Johnson,2,35-44,$75K-$100K,example.com,1-2 years
EMP1106,Bob Miller,2,25-34,$50K-$75K,example.com,1-2 years
EMP1107,Bob Brown,1,25-34,$75K-$100K,example.com,1-2 years
EMP1108,David Miller,0,35-44,$75K-$100K,example.com,Less than 1 year
EMP1109,Eva Davis,5,Unknown,$75K-$100K,example.com,3-5 years
EMP1110,Eva Garcia,1,25-34,$50K-$75K,example.com,1-2 years
EMP1111,Eva Davis,4,35-44,$75K-$100K,example.com,3-5 years
EMP1112,Heidi Garcia,0,35-44,$75K-$100K,example.com,Less than 1 year
EMP1113,Eva Miller,1,25-34,$100K-$150K,example.com,1-2 years
EMP1114,Alice Davis,3,35-44,$75K-$100K,example.com,3-5 years
EMP1115,Eva Brown,1,25-34,$75K-$100K,example.com,1-2 years
EMP1116,Frank Smith,5,35-44,$100K-$150K,example.com,3-5 years
EMP1117,Heidi Miller,5,35-44,$75K-$100K,example.com,3-5 years
EMP1118,Frank Garcia,2,25-34,$100K-$150K,example.com,1-2 years
EMP1119,Alice Jones,1,25-34,$75K-$100K,example.com,1-2 years
EMP1120,Alice Garcia,4,25-34,$75K-$100K,example.com,3-5 years
EMP1121,Bob Jones,1,25-34,$50K-$75K,example.com,1-2 years
EMP1122,Grace Johnson,5,25-34,$75K-$100K,example.com,3-5 years
EMP1123,Eva Davis,1,Unknown,$75K-$100K,example.com,1-2 years
EMP1124,Heidi Jones,2,Unknown,$75K-$100K,example.com,1-2 years
EMP1125,Bob Garcia,4,35-44,$100K-$150K,example.com,3-5 years
EMP1126,Eva Johnson,0,Unknown,$50K-$75K,example.com,Less than 1 year
EMP1127,Frank Smith,3,35-44,$100K-$150K,example.com,3-5 years
EMP1128,David Brown,5,Unknown,$50K-$75K,example.com,3-5 years
EMP1129,Grace Brown,3,35-44,$100K-$150K,example.com,3-5 years
EMP1130,Frank Brown,3,25-34,$50K-$75K,example.com,3-5 years
EMP1131,Charlie Jones,2,25-34,$75K-$100K,example.com,1-2 years
EMP1132,Frank Smith,1,Unknown,$100K-$150K,example.com,1-2 years
EMP1133,Alice Jones,1,Unknown,$100K-$150K,example.com,1-2 years
EMP1134,Bob Davis,0,35-44,$50K-$75K,example.com,Less than 1 year
EMP1135,Eva Jones,4,25-34,$75K-$100K,example.com,3-5 years
EMP1136,David Smith,1,Unknown,$50K-$75K,example.com,1-2 years
EMP1137,Grace Smith,2,Unknown,$50K-$75K,example.com,1-2 years
EMP1138,Eva Davis,1,35-44,$75K-$100K,example.com,1-2 years
EMP1139,Charlie Smith,4,25-34,$75K-$100K,example.com,3-5 years
EMP1140,Eva Garcia,1,35-44,$75K-$100K,example.com,1-2 years
EMP1141,Frank Smith,5,Unknown,$100K-$150K,example.com,3-5 years
EMP1142,Eva Brown,5,25-34,$100K-$150K,example.com,3-5 years
EMP1143,Eva Garcia,2,25-34,$50K-$75K,example.com,1-2 years
EMP1144,Charlie Garcia,4,25-34,$100K-$150K,example.com,3-5 years
EMP1145,Frank Davis,1,25-34,$75K-$100K,example.com,1-2 years
EMP1146,Frank Williams,4,Unknown,$100K-$150K,example.com,3-5 years
EMP1147,Eva Williams,5,35-44,$100K-$150K,example.com,3-5 years
EMP1148,Grace Smith,5,Unknown,$50K-$75K,example.com,3-5 years
EMP1149,Frank Garcia,3,35-44,$50K-$75K,example.com,3-5 years
EMP1150,Alice Williams,4,Unknown,$75K-$100K,example.com,3-5 years
EMP1151,Heidi Williams,5,35-44,$50K-$75K,example.com,3-5 years
EMP1152,Heidi Smith,5,25-34,$75K-$100K,example.com,3-5 years
EMP1153,Grace Williams,0,Unknown,$75K-$100K,example.com,Less than 1 year
EMP1154,Heidi Jones,1,Unknown,$75K-$100K,example.com,1-2 years
EMP1155,David Johnson,2,35-44,$100K-$150K,example.com,1-2 years
EMP1156,Alice Davis,1,35-44,$100K-$150K,example.com,1-2 years
EMP1157,David Johnson,4,Unknown,$100K-$150K,example.com,3-5 years
EMP1158,David Smith,4,25-34,$100K-$150K,example.com,3-5 years
EMP1159,Charlie Brown,5,Unknown,$75K-$100K,example.com,3-5 years
EMP1160,Bob Davis,1,25-34,$100K-$150K,example.com,1-2 years
EMP1161,Alice Smith,1,25-34,$75K-$100K,example.com,1-2 years
EMP1162,Bob Garcia,2,35-44,$50K-$75K,example.com,1-2 years
EMP1163,Alice Brown,5,Unknown,$50K-$75K,example.com,3-5 years
EMP1164,Grace Johnson,1,35-44,$100K-$150K,example.com,1-2 years
EMP1165,Bob Smith,5,35-44,$50K-$75K,example.com,3-5 years
EMP1166,Frank Garcia,3,35-44,$75K-$100K,example.com,3-5 years
EMP1167,Bob Davis,3,Unknown,$100K-$150K,example.com,3-5 years
EMP1168,Heidi Davis,4,35-44,$75K-$100K,example.com,3-5 years
EMP1169,Frank Miller,5,25-34,$100K-$150K,example.com,3-5 years
EMP1170,Bob Garcia,2,35-44,$100K-$150K,example.com,1-2 years
EMP1171,Bob Jones,0,35-44,$100K-$150K,example.com,Less than 1 year
EMP1172,Eva Williams,2,Unknown,$75K-$100K,example.com,1-2 years
EMP1173,Heidi Brown,3,25-34,$50K-$75K,example.com,3-5 years
EMP1174,David Garcia,2,35-44,$75K-$100K,example.com,1-2 years
EMP1175,Eva Miller,1,25-34,$50K-$75K,example.com,1-2 years
EMP1176,Alice Williams,3,25-34,$50K-$75K,example.com,3-5 years
EMP1177,Alice Williams,3,25-34,$75K-$100K,example.com,3-5 years
EMP1178,Frank Smith,2,35-44,$50K-$75K,example.com,1-2 years
EMP1179,Charlie Williams,4,Unknown,$75K-$100K,example.com,3-5 years
EMP1180,Heidi Jones,5,35-44,$50K-$75K,example.com,3-5 years
EMP1181,Heidi Davis,4,Unknown,$75K-$100K,example.com,3-5 years
EMP1182,Alice Miller,1,25-34,$50K-$75K,example.com,1-2 years
EMP1183,Alice Williams,5,35-44,$75K-$100K,example.com,3-5 years
EMP1184,Frank Smith,3,25-34,$50K-$75K,example.com,3-5 years
EMP1185,Frank Jones,1,Unknown,$75K-$100K,example.com,1-2 years
EMP1186,Grace Johnson,3,25-34,$100K-$150K,example.com,3-5 years
EMP1187,Bob Davis,2,35-44,$75K-$100K,example.com,1-2 years
EMP1188,Eva Davis,5,35-44,$75K-$100K,example.com,3-5 years
EMP1189,David Miller,1,35-44,$50K-$75K,example.com,1-2 years
EMP1190,Eva Davis,1,25-34,$100K-$150K,example.com,1-2 years
EMP1191,Heidi Williams,1,35-44,$100K-$150K,example.com,1-2 years
EMP1192,Frank Smith,3,35-44,$75K-$100K,example.com,3-5 years
EMP1193,Eva Davis,5,Unknown,$50K-$75K,example.com,3-5 years
EMP1194,Alice Davis,0,35-44,$100K-$150K,example.com,Less than 1 year
EMP1195,Grace Johnson,5,35-44,$75K-$100K,example.com,3-5 years
EMP1196,David Johnson,4,35-44,$100K-$150K,example.com,3-5 years
EMP1197,Frank Brown,5,25-34,$50K-$75K,example.com,3-5 years
EMP1198,Heidi Jones,3,Unknown,$75K-$100K,example.com,3-5 years
EMP1199,Grace Williams,1,35-44,$75K-$100K,example.com,1-2 years
EMP1200,Frank Davis,4,25-34,$50K-$75K,example.com,3-5 years
EMP1201,Charlie Garcia,4,35-44,$100K-$150K,example.com,3-5 years
EMP1202,Grace Davis,4,25-34,$75K-$100K,example.com,3-5 years
EMP1203,Frank Smith,1,25-34,$100K-$150K,example.com,1-2 years
EMP1204,Grace Brown,4,Unknown,$50K-$75K,example.com,3-5 years
EMP1205,Heidi Jones,5,25-34,$50K-$75K,example.com,3-5 years
EMP1206,Alice Garcia,3,35-44,$50K-$75K,example.com,3-5 years
EMP1207,Charlie Brown,1,35-44,$100K-$150K,example.com,1-2 years
EMP1208,Eva Miller,4,35-44,$100K-$150K,example.com,3-5 years
EMP1209,David Jones,3,35-44,$100K-$150K,example.com,3-5 years
EMP1210,Grace Davis,0,25-34,$50K-$75K,example.com,Less than 1 year
EMP1211,Frank Davis,1,Unknown,$50K-$75K,example.com,1-2 years
EMP1212,Charlie Jones,1,35-44,$75K-$100K,example.com,1-2 years
EMP1213,David Davis,5,35-44,$75K-$100K,example.com,3-5 years
EMP1214,Grace Williams,4,25-34,$100K-$150K,example.com,3-5 years
EMP1215,Frank Jones,1,25-34,$75K-$100K,example.com,1-2 years
EMP1216,Heidi Brown,5,35-44,$50K-$75K,example.com,3-5 years
EMP1217,Grace Jones,5,25-34,$50K-$75K,example.com,3-5 years
EMP1218,Heidi Garcia,2,25-34,$50K-$75K,example.com,1-2 years
EMP1219,David Davis,2,25-34,$50K-$75K,example.com,1-2 years
EMP1220,Charlie Williams,2,25-34,$75K-$100K,example.com,1-2 years
EMP1221,Alice Williams,3,35-44,$100K-$150K,example.com,3-5 years
EMP1222,Alice Miller,1,35-44,$75K-$100K,example.com,1-2 years
EMP1223,Frank Brown,3,25-34,$100K-$150K,example.com,3-5 years
EMP1224,Heidi Johnson,5,35-44,$100K-$150K,example.com,3-5 years
EMP1225,Alice Johnson,0,35-44,$50K-$75K,example.com,Less than 1 year
EMP1226,Grace Jones,1,Unknown,$75K-$100K,example.com,1-2 years
EMP1227,Alice Miller,3,35-44,$100K-$150K,example.com,3-5 years
EMP1228,Grace Smith,3,35-44,$75K-$100K,example.com,3-5 years
EMP1229,Eva Jones,3,25-34,$75K-$100K,example.com,3-5 years
EMP1230,Eva Miller,2,35-44,$50K-$75K,example.com,1-2 years
EMP1231,Grace Brown,3,25-34,$50K-$75K,example.com,3-5 years
EMP1232,Frank Brown,1,Unknown,$100K-$150K,example.com,1-2 years
EMP1233,Grace Brown,4,35-44,$100K-$150K,example.com,3-5 years
EMP1234,Heidi Brown,1,25-34,$75K-$100K,example.com,1-2 years
EMP1235,Alice Brown,3,Unknown,$75K-$100K,example.com,3-5 years
EMP1236,Charlie Miller,2,Unknown,$50K-$75K,example.com,1-2 years
EMP1237,Alice Miller,2,25-34,$50K-$75K,example.com,1-2 years
EMP1238,Heidi Williams,3,25-34,$50K-$75K,example.com,3-5 years
EMP1239,Bob Garcia,5,35-44,$100K-$150K,example.com,3-5 years
EMP1240,Frank Johnson,2,35-44,$50K-$75K,example.com,1-2 years
EMP1241,Charlie Davis,5,25-34,$100K-$150K,example.com,3-5 years
EMP1242,David Brown,2,35-44,$75K-$100K,example.com,1-2 years
EMP1243,Charlie Smith,3,Unknown,$100K-$150K,example.com,3-5 years
EMP1244,Grace Davis,4,35-44,$75K-$100K,example.com,3-5 years
EMP1245,Frank Miller,4,25-34,$100K-$150K,example.com,3-5 years
EMP1246,Alice Smith,4,25-34,$50K-$75K,example.com,3-5 years
EMP1247,David Smith,4,35-44,$50K-$75K,example.com,3-5 years
EMP1248,Eva Smith,2,25-34,$50K-$75K,example.com,1-2 years
EMP1249,Charlie Williams,2,25-34,$50K-$75K,example.com,1-2 years
EMP1250,Alice Miller,1,25-34,$75K-$100K,example.com,1-2 years
EMP1251,Grace Smith,0,Unknown,$75K-$100K,example.com,Less than 1 year
EMP1252,Eva Brown,4,35-44,$75K-$100K,example.com,3-5 years
EMP1253,Charlie Jones,4,35-44,$50K-$75K,example.com,3-5 years
EMP1254,Frank Smith,2,35-44,$75K-$100K,example.com,1-2 years
EMP1255,Heidi Williams,5,25-34,$50K-$75K,example.com,3-5 years
EMP1256,Grace Davis,1,Unknown,$50K-$75K,example.com,1-2 years
EMP1257,Frank Miller,3,25-34,$75K-$100K,example.com,3-5 years
EMP1258,Alice Garcia,4,25-34,$50K-$75K,example.com,3-5 years
EMP1259,Alice Williams,2,35-44,$75K-$100K,example.com,1-2 years
EMP1260,Bob Smith,3,35-44,$100K-$150K,example.com,3-5 years
EMP1261,Grace Miller,3,25-34,$75K-$100K,example.com,3-5 years
EMP1262,Heidi Jones,2,Unknown,$50K-$75K,example.com,1-2 years
EMP1263,Grace Smith,1,35-44,$50K-$75K,example.com,1-2 years
EMP1264,Grace Williams,5,Unknown,$75K-$100K,example.com,3-5 years
EMP1265,Heidi Johnson,3,25-34,$100K-$150K,example.com,3-5 years
EMP1266,Grace Brown,3,Unknown,$75K-$100K,example.com,3-5 years
EMP1267,Heidi Garcia,3,Unknown,$50K-$75K,example.com,3-5 years
EMP1268,Grace Davis,2,Unknown,$50K-$75K,example.com,1-2 years
EMP1269,David Williams,2,25-34,$75K-$100K,example.com,1-2 years
EMP1270,Grace Miller,2,25-34,$100K-$150K,example.com,1-2 years
EMP1271,Alice Garcia,3,35-44,$75K-$100K,example.com,3-5 years
EMP1272,Heidi Garcia,4,25-34,$75K-$100K,example.com,3-5 years
EMP1273,Heidi Garcia,3,Unknown,$100K-$150K,example.com,3-5 years
EMP1274,Frank Smith,4,35-44,$50K-$75K,example.com,3-5 years
EMP1275,Eva Brown,1,35-44,$75K-$100K,example.com,1-2 years
EMP1276,Eva Smith,2,35-44,$75K-$100K,example.com,1-2 years
EMP1277,Frank Miller,1,25-34,$50K-$75K,example.com,1-2 years
EMP1278,Eva Smith,4,35-44,$100K-$150K,example.com,3-5 years
EMP1279,Charlie Johnson,4,25-34,$50K-$75K,example.com,3-5 years
EMP1280,David Brown,3,25-34,$100K-$150K,example.com,3-5 years
EMP1281,Charlie Brown,2,25-34,$100K-$150K,example.com,1-2 years
EMP1282,Heidi Miller,2,25-34,$50K-$75K,example.com,1-2 years
EMP1283,David Davis,4,Unknown,$75K-$100K,example.com,3-5 years
EMP1284,Alice Johnson,0,35-44,$100K-$150K,example.com,Less than 1 year
EMP1285,Alice Williams,3,35-44,$50K-$75K,example.com,3-5 years
EMP1286,Heidi Smith,4,25-34,$100K-$150K,example.com,3-5 years
EMP1287,Heidi Jones,1,35-44,$50K-$75K,example.com,1-2 years
EMP1288,David Smith,1,25-34,$75K-$100K,example.com,1-2 years
EMP1290,Grace Smith,4,25-34,$75K-$100K,example.com,3-5 years
EMP1291,Eva Williams,2,35-44,$50K-$75K,example.com,1-2 years
EMP1292,Grace Smith,5,Unknown,$75K-$100K,example.com,3-5 years
EMP1293,Frank Johnson,3,Unknown,$50K-$75K,example.com,3-5 years
EMP1294,Frank Johnson,1,35-44,$75K-$100K,example.com,1-2 years
EMP1295,David Brown,2,25-34,$75K-$100K,example.com,1-2 years
EMP1296,Bob Miller,2,Unknown,$50K-$75K,example.com,1-2 years
EMP1297,Charlie Davis,1,35-44,$50K-$75K,example.com,1-2 years
EMP1298,Bob Jones,5,Unknown,$75K-$100K,example.com,3-5 years
EMP1299,Alice Garcia,1,Unknown,$50K-$75K,example.com,1-2 years
EMP1300,Alice Smith,3,25-34,$50K-$75K,example.com,3-5 years
EMP1301,Alice Smith,3,25-34,$50K-$75K,example.com,3-5 years
EMP1302,Grace Williams,3,35-44,$50K-$75K,example.com,3-5 years
EMP1303,Charlie Miller,3,35-44,$75K-$100K,example.com,3-5 years
EMP1304,David Johnson,2,25-34,$100K-$150K,example.com,1-2 years
EMP1305,Grace Jones,4,25-34,$50K-$75K,example.com,3-5 years
EMP1306,Bob Brown,1,25-34,$100K-$150K,example.com,1-2 years
EMP1307,David Johnson,5,25-34,$75K-$100K,example.com,3-5 years
EMP1308,Alice Garcia,3,25-34,$50K-$75K,example.com,3-5 years
EMP1309,Alice Miller,1,25-34,$100K-$150K,example.com,1-2 years
EMP1310,Frank Garcia,2,25-34,$50K-$75K,example.com,1-2 years
EMP1311,Alice Davis,2,Unknown,$75K-$100K,example.com,1-2 years
EMP1312,Alice Brown,1,35-44,$75K-$100K,example.com,1-2 years
EMP1313,Grace Davis,1,25-34,$75K-$100K,example.com,1-2 years
EMP1314,David Williams,5,35-44,$75K-$100K,example.com,3-5 years
EMP1315,Charlie Garcia,3,35-44,$75K-$100K,example.com,3-5 years
EMP1316,Frank Williams,5,25-34,$50K-$75K,example.com,3-5 years
EMP1317,Alice Smith,2,25-34,$75K-$100K,example.com,1-2 years
EMP1318,Frank Davis,1,35-44,$50K-$75K,example.com,1-2 years
EMP1319,Heidi Miller,4,25-34,$75K-$100K,example.com,3-5 years
EMP1320,Frank Garcia,2,35-44,$75K-$100K,example.com,1-2 years
EMP1321,Heidi Jones,1,35-44,$100K-$150K,example.com,1-2 years
EMP1322,Frank Brown,0,35-44,$50K-$75K,example.com,Less than 1 year
EMP1323,Eva Johnson,3,Unknown,$50K-$75K,example.com,3-5 years
EMP1324,David Miller,2,35-44,$75K-$100K,example.com,1-2 years
EMP1325,Eva Miller,3,35-44,$75K-$100K,example.com,3-5 years
EMP1326,Frank Williams,3,25-34,$50K-$75K,example.com,3-5 years
EMP1327,Alice Davis,5,Unknown,$100K-$150K,example.com,3-5 years
EMP1328,David Garcia,4,25-34,$75K-$100K,example.com,3-5 years
EMP1330,Eva Smith,1,Unknown,$75K-$100K,example.com,1-2 years
EMP1331,Charlie Smith,4,25-34,$50K-$75K,example.com,3-5 years
EMP1332,Frank Brown,3,35-44,$75K-$100K,example.com,3-5 years
EMP1333,David Williams,0,35-44,$75K-$100K,example.com,Less than 1 year
EMP1334,Grace Miller,5,35-44,$75K-$100K,example.com,3-5 years
EMP1335,Bob Garcia,2,35-44,$100K-$150K,example.com,1-2 years
EMP1336,Alice Jones,3,25-34,$50K-$75K,example.com,3-5 years
EMP1337,Eva Williams,4,Unknown,$100K-$150K,example.com,3-5 years
EMP1338,David Brown,5,Unknown,$50K-$75K,example.com,3-5 years
EMP1339,Grace Brown,5,Unknown,$100K-$150K,example.com,3-5 years
EMP1340,Bob Williams,5,Unknown,$75K-$100K,example.com,3-5 years
EMP1341,Frank Brown,1,Unknown,$50K-$75K,example.com,1-2 years
EMP1342,Heidi Williams,3,35-44,$75K-$100K,example.com,3-5 years
EMP1343,Grace Johnson,1,25-34,$50K-$75K,example.com,1-2 years
EMP1345,Eva Davis,5,35-44,$50K-$75K,example.com,3-5 years
EMP1346,Grace Williams,2,25-34,$50K-$75K,example.com,1-2 years
EMP1347,Frank Brown,3,35-44,$100K-$150K,example.com,3-5 years
EMP1348,David Garcia,3,Unknown,$50K-$75K,example.com,3-5 years
EMP1349,Eva Davis,3,35-44,$50K-$75K,example.com,3-5 years
EMP1350,Bob Brown,2,35-44,$75K-$100K,example.com,1-2 years
EMP1351,Heidi Smith,3,25-34,$50K-$75K,example.com,3-5 years
EMP1352,Frank Smith,2,35-44,$50K-$75K,example.com,1-2 years
EMP1353,David Garcia,4,35-44,$50K-$75K,example.com,3-5 years
EMP1354,Heidi Garcia,4,Unknown,$100K-$150K,example.com,3-5 years
EMP1355,Bob Davis,4,Unknown,$75K-$100K,example.com,3-5 years
EMP1356,Heidi Johnson,5,25-34,$100K-$150K,example.com,3-5 years
EMP1357,Grace Garcia,4,35-44,$50K-$75K,example.com,3-5 years
EMP1358,Grace Smith,3,35-44,$75K-$100K,example.com,3-5 years
EMP1359,Grace Williams,1,Unknown,$75K-$100K,example.com,1-2 years
EMP1360,Bob Brown,3,25-34,$50K-$75K,example.com,3-5 years
EMP1361,Grace Smith,5,35-44,$50K-$75K,example.com,3-5 years
EMP1362,David Smith,1,35-44,$75K-$100K,example.com,1-2 years
EMP1363,Charlie Johnson,4,35-44,$75K-$100K,example.com,3-5 years
EMP1364,Bob Davis,3,25-34,$100K-$150K,example.com,3-5 years
EMP1365,Frank Davis,1,35-44,$75K-$100K,example.com,1-2 years
EMP1366,Alice Miller,5,25-34,$75K-$100K,example.com,3-5 years
EMP1367,David Johnson,3,Unknown,$75K-$100K,example.com,3-5 years
EMP1368,David Williams,2,35-44,$75K-$100K,example.com,1-2 years
EMP1369,David Davis,5,35-44,$75K-$100K,example.com,3-5 years
EMP1370,Bob Brown,3,Unknown,$50K-$75K,example.com,3-5 years
EMP1371,Eva Garcia,2,35-44,$75K-$100K,example.com,1-2 years
EMP1372,Bob Johnson,4,35-44,$100K-$150K,example.com,3-5 years
EMP1373,Eva Garcia,5,Unknown,$50K-$75K,example.com,3-5 years
EMP1374,Bob Smith,2,25-34,$75K-$100K,example.com,1-2 years
EMP1375,Grace Brown,2,35-44,$75K-$100K,example.com,1-2 years
EMP1376,Charlie Brown,5,Unknown,$50K-$75K,example.com,3-5 years
EMP1377,Alice Smith,4,35-44,$100K-$150K,example.com,3-5 years
EMP1378,Heidi Johnson,1,35-44,$100K-$150K,example.com,1-2 years
EMP1379,Bob Smith,5,Unknown,$50K-$75K,example.com,3-5 years
EMP1380,Charlie Garcia,2,35-44,$75K-$100K,example.com,1-2 years
EMP1381,Eva Miller,1,Unknown,$100K-$150K,example.com,1-2 years
EMP1382,Grace Brown,4,25-34,$100K-$150K,example.com,3-5 years
EMP1383,Eva Jones,1,35-44,$100K-$150K,example.com,1-2 years
EMP1384,Frank Jones,2,Unknown,$50K-$75K,example.com,1-2 years
EMP1385,David Garcia,4,25-34,$75K-$100K,example.com,3-5 years
EMP1386,Eva Williams,1,35-44,$100K-$150K,example.com,1-2 years
EMP1387,Grace Davis,1,25-34,$100K-$150K,example.com,1-2 years
EMP1388,Frank Smith,4,25-34,$75K-$100K,example.com,3-5 years
EMP1389,Grace Smith,1,35-44,$100K-$150K,example.com,1-2 years
EMP1390,Eva Williams,2,35-44,$50K-$75K,example.com,1-2 years
EMP1391,Bob Williams,3,35-44,$100K-$150K,example.com,3-5 years
EMP1392,Grace Garcia,4,25-34,$50K-$75K,example.com,3-5 years
EMP1393,Charlie Garcia,1,Unknown,$50K-$75K,example.com,1-2 years
EMP1394,Heidi Williams,3,25-34,$50K-$75K,example.com,3-5 years
EMP1395,David Brown,0,25-34,$100K-$150K,example.com,Less than 1 year
EMP1396,Frank Garcia,2,35-44,$50K-$75K,example.com,1-2 years
EMP1397,Eva Miller,1,25-34,$50K-$75K,example.com,1-2 years
EMP1399,Frank Smith,3,25-34,$50K-$75K,example.com,3-5 years
EMP1400,Bob Garcia,5,25-34,$75K-$100K,example.com,3-5 years
EMP1401,Charlie Brown,5,25-34,$75K-$100K,example.com,3-5 years
EMP1402,Frank Williams,3,25-34,$75K-$100K,example.com,3-5 years
EMP1403,David Smith,2,25-34,$100K-$150K,example.com,1-2 years
EMP1404,Grace Garcia,2,35-44,$50K-$75K,example.com,1-2 years
EMP1405,Eva Brown,2,25-34,$75K-$100K,example.com,1-2 years
EMP1406,Grace Miller,3,35-44,$75K-$100K,example.com,3-5 years
EMP1407,Bob Garcia,5,Unknown,$75K-$100K,example.com,3-5 years
EMP1408,Grace Brown,1,35-44,$75K-$100K,example.com,1-2 years
EMP1409,Bob Miller,4,25-34,$50K-$75K,example.com,3-5 years
EMP1410,Grace Williams,2,Unknown,$100K-$150K,example.com,1-2 years
EMP1411,Grace Garcia,2,25-34,$50K-$75K,example.com,1-2 years
EMP1412,Bob Miller,3,Unknown,$75K-$100K,example.com,3-5 years
EMP1413,Bob Smith,1,35-44,$50K-$75K,example.com,1-2 years
EMP1414,Grace Williams,5,25-34,$50K-$75K,example.com,3-5 years
EMP1415,Charlie Smith,1,25-34,$50K-$75K,example.com,1-2 years
EMP1416,Frank Jones,4,Unknown,$75K-$100K,example.com,3-5 years
EMP1417,Eva Johnson,4,25-34,$75K-$100K,example.com,3-5 years
EMP1418,Bob Garcia,5,35-44,$75K-$100K,example.com,3-5 years
EMP1419,Frank Miller,2,25-34,$100K-$150K,example.com,1-2 years
EMP1420,Alice Johnson,3,25-34,$75K-$100K,example.com,3-5 years
EMP1421,Charlie Johnson,2,25-34,$75K-$100K,example.com,1-2 years
EMP1422,Grace Miller,3,35-44,$50K-$75K,example.com,3-5 years
EMP1423,Alice Williams,3,25-34,$50K-$75K,example.com,3-5 years
EMP1424,Eva Garcia,3,35-44,$50K-$75K,example.com,3-5 years
EMP1425,Eva Jones,2,Unknown,$100K-$150K,example.com,1-2 years
EMP1426,David Smith,3,Unknown,$50K-$75K,example.com,3-5 years
EMP1427,Alice Brown,1,35-44,$100K-$150K,example.com,1-2 years
EMP1428,David Smith,5,Unknown,$100K-$150K,example.com,3-5 years
EMP1429,Eva Brown,3,25-34,$75K-$100K,example.com,3-5 years
EMP1430,Bob Smith,2,Unknown,$100K-$150K,example.com,1-2 years
EMP1431,Alice Miller,4,35-44,$50K-$75K,example.com,3-5 years
EMP1432,Grace Jones,4,35-44,$50K-$75K,example.com,3-5 years
EMP1433,Bob Garcia,3,25-34,$50K-$75K,example.com,3-5 years
EMP1434,Frank Brown,4,25-34,$100K-$150K,example.com,3-5 years
EMP1435,Eva Garcia,4,Unknown,$50K-$75K,example.com,3-5 years
EMP1436,Frank Garcia,4,35-44,$50K-$75K,example.com,3-5 years
EMP1437,Alice Garcia,2,35-44,$50K-$75K,example.com,1-2 years
EMP1438,Charlie Davis,5,25-34,$50K-$75K,example.com,3-5 years
EMP1439,Bob Williams,5,Unknown,$100K-$150K,example.com,3-5 years
EMP1440,Heidi Smith,5,25-34,$100K-$150K,example.com,3-5 years
EMP1441,Grace Garcia,1,35-44,$75K-$100K,example.com,1-2 years
EMP1442,Charlie Smith,5,35-44,$75K-$100K,example.com,3-5 years
EMP1443,Eva Garcia,5,35-44,$50K-$75K,example.com,3-5 years
EMP1444,Grace Brown,2,25-34,$100K-$150K,example.com,1-2 years
EMP1445,Alice Williams,2,35-44,$100K-$150K,example.com,1-2 years
EMP1446,Frank Williams,4,35-44,$75K-$100K,example.com,3-5 years
EMP1447,Eva Miller,1,25-34,$75K-$100K,example.com,1-2 years
EMP1448,Charlie Davis,4,25-34,$75K-$100K,example.com,3-5 years
EMP1449,Alice Miller,1,25-34,$100K-$150K,example.com,1-2 years
EMP1450,David Miller,3,Unknown,$100K-$150K,example.com,3-5 years
EMP1451,Frank Miller,4,Unknown,$100K-$150K,example.com,3-5 years
EMP1452,Heidi Miller,5,Unknown,$50K-$75K,example.com,3-5 years
EMP1453,David Miller,3,25-34,$100K-$150K,example.com,3-5 years
EMP1454,Charlie Jones,5,35-44,$50K-$75K,example.com,3-5 years
EMP1455,Charlie Williams,3,25-34,$75K-$100K,example.com,3-5 years
EMP1456,Bob Miller,4,35-44,$100K-$150K,example.com,3-5 years
EMP1457,Heidi Garcia,1,35-44,$100K-$150K,example.com,1-2 years
EMP1458,Frank Williams,3,25-34,$50K-$75K,example.com,3-5 years
EMP1459,Charlie Williams,2,25-34,$75K-$100K,example.com,1-2 years
EMP1460,Alice Johnson,4,25-34,$75K-$100K,example.com,3-5 years
EMP1461,Heidi Jones,4,25-34,$50K-$75K,example.com,3-5 years
EMP1462,Bob Miller,4,35-44,$50K-$75K,example.com,3-5 years
EMP1463,Eva Smith,3,25-34,$75K-$100K,example.com,3-5 years
EMP1464,Charlie Brown,2,35-44,$75K-$100K,example.com,1-2 years
EMP1465,David Davis,4,25-34,$50K-$75K,example.com,3-5 years
EMP1466,Bob Garcia,4,25-34,$100K-$150K,example.com,3-5 years
EMP1467,Bob Smith,1,35-44,$50K-$75K,example.com,1-2 years
EMP1468,Charlie Jones,5,Unknown,$50K-$75K,example.com,3-5 years
EMP1469,Grace Brown,4,Unknown,$75K-$100K,example.com,3-5 years
EMP1470,Bob Jones,1,25-34,$75K-$100K,example.com,1-2 years
EMP1471,Alice Garcia,2,35-44,$75K-$100K,example.com,1-2 years
EMP1472,Alice Williams,5,25-34,$75K-$100K,example.com,3-5 years
EMP1473,Grace Brown,5,35-44,$75K-$100K,example.com,3-5 years
EMP1474,Frank Williams,5,35-44,$50K-$75K,example.com,3-5 years
EMP1475,David Garcia,1,35-44,$75K-$100K,example.com,1-2 years
EMP1476,Frank Smith,2,Unknown,$50K-$75K,example.com,1-2 years
EMP1477,Grace Garcia,0,Unknown,$50K-$75K,example.com,Less than 1 year
EMP1478,Grace Smith,1,25-34,$75K-$100K,example.com,1-2 years
EMP1479,Charlie Brown,4,25-34,$100K-$150K,example.com,3-5 years
EMP1480,Grace Brown,1,25-34,$75K-$100K,example.com,1-2 years
EMP1481,Eva Miller,3,35-44,$75K-$100K,example.com,3-5 years
EMP1482,Eva Jones,2,Unknown,$75K-$100K,example.com,1-2 years
EMP1483,Bob Miller,2,35-44,$75K-$100K,example.com,1-2 years
EMP1484,Bob Jones,0,25-34,$75K-$100K,example.com,Less than 1 year
EMP1485,Grace Miller,2,35-44,$75K-$100K,example.com,1-2 years
EMP1486,Eva Williams,1,35-44,$75K-$100K,example.com,1-2 years
EMP1487,Frank Brown,4,25-34,$100K-$150K,example.com,3-5 years
EMP1488,Eva Smith,1,35-44,$50K-$75K,example.com,1-2 years
EMP1489,Charlie Jones,4,35-44,$100K-$150K,example.com,3-5 years
EMP1490,Bob Garcia,1,25-34,$75K-$100K,example.com,1-2 years
EMP1491,Frank Jones,4,25-34,$75K-$100K,example.com,3-5 years
EMP1492,Alice Smith,4,25-34,$50K-$75K,example.com,3-5 years
EMP1493,Frank Miller,2,25-34,$75K-$100K,example.com,1-2 years
EMP1494,Alice Jones,3,25-34,$50K-$75K,example.com,3-5 years
EMP1495,Frank Davis,1,35-44,$75K-$100K,example.com,1-2 years
EMP1496,Grace Williams,0,25-34,$50K-$75K,example.com,Less than 1 year
EMP1497,David Brown,5,35-44,$100K-$150K,example.com,3-5 years
EMP1498,Alice Smith,2,35-44,$100K-$150K,example.com,1-2 years
EMP1499,Eva Brown,3,35-44,$50K-$75K,example.com,3-5 years
EMP1500,Grace Davis,2,Unknown,$100K-$150K,example.com,1-2 years
EMP1501,Eva Jones,5,35-44,$50K-$75K,example.com,3-5 years
EMP1502,Frank Jones,2,35-44,$50K-$75K,example.com,1-2 years
EMP1503,David Garcia,3,25-34,$75K-$100K,example.com,3-5 years
EMP1504,Heidi Davis,3,35-44,$100K-$150K,example.com,3-5 years
EMP1505,David Smith,1,35-44,$75K-$100K,example.com,1-2 years
EMP1506,Frank Garcia,0,Unknown,$75K-$100K,example.com,Less than 1 year
EMP1507,Heidi Williams,1,25-34,$75K-$100K,example.com,1-2 years
EMP1508,Frank Garcia,1,25-34,$100K-$150K,example.com,1-2 years
EMP1509,Frank Johnson,3,35-44,$100K-$150K,example.com,3-5 years
EMP1510,Bob Smith,0,35-44,$75K-$100K,example.com,Less than 1 year
EMP1511,Grace Johnson,3,25-34,$75K-$100K,example.com,3-5 years
EMP1512,Heidi Davis,1,25-34,$50K-$75K,example.com,1-2 years
EMP1513,Charlie Miller,3,35-44,$50K-$75K,example.com,3-5 years
EMP1514,Charlie Johnson,5,Unknown,$75K-$100K,example.com,3-5 years
EMP1515,Grace Williams,5,35-44,$75K-$100K,example.com,3-5 years
EMP1516,Alice Garcia,1,35-44,$50K-$75K,example.com,1-2 years
EMP1517,David Miller,3,35-44,$75K-$100K,example.com,3-5 years
EMP1518,Bob Garcia,1,25-34,$75K-$100K,example.com,1-2 years
EMP1519,Grace Johnson,1,25-34,$50K-$75K,example.com,1-2 years
EMP1520,Grace Garcia,5,25-34,$50K-$75K,example.com,3-5 years
EMP1521,Charlie Davis,1,25-34,$50K-$75K,example.com,1-2 years
EMP1522,Eva Miller,5,Unknown,$75K-$100K,example.com,3-5 years
EMP1523,Alice Davis,3,25-34,$75K-$100K,example.com,3-5 years
EMP1524,Heidi Johnson,2,25-34,$50K-$75K,example.com,1-2 years
EMP1525,Bob Davis,1,Unknown,$50K-$75K,example.com,1-2 years
EMP1526,Bob Williams,4,Unknown,$50K-$75K,example.com,3-5 years
EMP1527,David Johnson,4,Unknown,$75K-$100K,example.com,3-5 years
EMP1528,Charlie Johnson,1,25-34,$100K-$150K,example.com,1-2 years
EMP1529,Alice Johnson,1,25-34,$75K-$100K,example.com,1-2 years
EMP1530,Bob Smith,5,Unknown,$100K-$150K,example.com,3-5 years
EMP1531,Heidi Garcia,5,35-44,$100K-$150K,example.com,3-5 years
EMP1532,Eva Smith,1,35-44,$50K-$75K,example.com,1-2 years
EMP1533,Alice Smith,4,25-34,$50K-$75K,example.com,3-5 years
EMP1534,Eva Williams,5,25-34,$75K-$100K,example.com,3-5 years
EMP1535,Eva Miller,2,35-44,$100K-$150K,example.com,1-2 years
EMP1536,Charlie Garcia,2,25-34,$75K-$100K,example.com,1-2 years
EMP1537,Heidi Davis,2,25-34,$50K-$75K,example.com,1-2 years
EMP1538,Charlie Jones,3,35-44,$50K-$75K,example.com,3-5 years
EMP1539,Frank Johnson,1,25-34,$100K-$150K,example.com,1-2 years
EMP1540,David Davis,1,35-44,$75K-$100K,example.com,1-2 years
EMP1541,David Johnson,2,35-44,$75K-$100K,example.com,1-2 years
EMP1542,Alice Williams,1,25-34,$75K-$100K,example.com,1-2 years
EMP1543,Charlie Johnson,3,25-34,$100K-$150K,example.com,3-5 years
EMP1544,David Smith,1,Unknown,$50K-$75K,example.com,1-2 years
EMP1545,Heidi Garcia,5,25-34,$100K-$150K,example.com,3-5 years
EMP1546,Alice Jones,2,25-34,$75K-$100K,example.com,1-2 years
EMP1547,Eva Brown,2,Unknown,$75K-$100K,example.com,1-2 years
EMP1548,Alice Johnson,1,25-34,$75K-$100K,example.com,1-2 years
EMP1549,Frank Davis,4,35-44,$50K-$75K,example.com,3-5 years
EMP1550,Eva Smith,5,Unknown,$50K-$75K,example.com,3-5 years
EMP1551,Charlie Brown,4,35-44,$50K-$75K,example.com,3-5 years
EMP1552,Grace Jones,3,25-34,$50K-$75K,example.com,3-5 years
EMP1553,Bob Brown,2,35-44,$50K-$75K,example.com,1-2 years
EMP1554,Alice Smith,2,Unknown,$100K-$150K,example.com,1-2 years
EMP1555,Charlie Garcia,2,25-34,$75K-$100K,example.com,1-2 years
EMP1556,Grace Garcia,4,35-44,$75K-$100K,example.com,3-5 years
EMP1557,Eva Miller,2,35-44,$75K-$100K,example.com,1-2 years
EMP1558,Eva Garcia,2,Unknown,$75K-$100K,example.com,1-2 years
EMP1559,Eva Miller,2,35-44,$100K-$150K,example.com,1-2 years
EMP1560,Frank Brown,2,25-34,$75K-$100K,example.com,1-2 years
EMP1561,Grace Williams,2,Unknown,$50K-$75K,example.com,1-2 years
EMP1562,Alice Davis,4,25-34,$75K-$100K,example.com,3-5 years
EMP1563,Alice Davis,3,35-44,$100K-$150K,example.com,3-5 years
EMP1564,David Brown,1,Unknown,$100K-$150K,example.com,1-2 years
EMP1565,Alice Johnson,4,35-44,$100K-$150K,example.com,3-5 years
EMP1566,Eva Johnson,2,25-34,$75K-$100K,example.com,1-2 years
EMP1567,David Garcia,1,25-34,$50K-$75K,example.com,1-2 years
EMP1568,Bob Davis,2,35-44,$50K-$75K,example.com,1-2 years
EMP1569,Eva Davis,4,25-34,$50K-$75K,example.com,3-5 years
EMP1570,Alice Miller,1,Unknown,$75K-$100K,example.com,1-2 years
EMP1571,Frank Williams,5,Unknown,$100K-$150K,example.com,3-5 years
EMP1572,Grace Smith,2,25-34,$50K-$75K,example.com,1-2 years
EMP1573,David Johnson,1,Unknown,$100K-$150K,example.com,1-2 years
EMP1574,Bob Davis,2,35-44,$100K-$150K,example.com,1-2 years
EMP1575,Alice Miller,4,35-44,$75K-$100K,example.com,3-5 years
EMP1576,Frank Jones,5,Unknown,$50K-$75K,example.com,3-5 years
EMP1578,Bob Johnson,0,25-34,$75K-$100K,example.com,Less than 1 year
EMP1579,David Johnson,2,Unknown,$100K-$150K,example.com,1-2 years
EMP1580,Charlie Miller,5,25-34,$50K-$75K,example.com,3-5 years
EMP1581,Eva Smith,4,Unknown,$75K-$100K,example.com,3-5 years
EMP1583,Bob Johnson,3,Unknown,$100K-$150K,example.com,3-5 years
EMP1584,Eva Miller,3,Unknown,$75K-$100K,example.com,3-5 years
EMP1585,Heidi Davis,1,25-34,$75K-$100K,example.com,1-2 years
EMP1586,Eva Miller,2,25-34,$75K-$100K,example.com,1-2 years
EMP1587,Charlie Williams,2,25-34,$75K-$100K,example.com,1-2 years
EMP1588,Bob Brown,1,35-44,$50K-$75K,example.com,1-2 years
EMP1589,Charlie Jones,1,25-34,$50K-$75K,example.com,1-2 years
EMP1590,Alice Smith,5,Unknown,$50K-$75K,example.com,3-5 years
EMP1591,Bob Garcia,3,25-34,NULL,example.com,3-5 years
EMP1592,David Jones,4,25-34,$50K-$75K,example.com,3-5 years
EMP1593,Eva Brown,3,Unknown,$100K-$150K,example.com,3-5 years
EMP1594,Charlie Brown,1,25-34,$100K-$150K,example.com,1-2 years
EMP1595,Frank Brown,0,25-34,$75K-$100K,example.com,Less than 1 year
EMP1596,Eva Jones,2,35-44,$75K-$100K,example.com,1-2 years
EMP1597,Charlie Davis,0,Unknown,$75K-$100K,example.com,Less than 1 year
EMP1598,Alice Brown,2,Unknown,$75K-$100K,example.com,1-2 years
EMP1599,Alice Miller,3,Unknown,$75K-$100K,example.com,3-5 years
EMP1600,Grace Jones,5,25-34,$75K-$100K,example.com,3-5 years
EMP1601,Grace Garcia,4,35-44,$100K-$150K,example.com,3-5 years
EMP1602,Charlie Brown,4,Unknown,$75K-$100K,example.com,3-5 years
EMP1603,Charlie Miller,1,35-44,$75K-$100K,example.com,1-2 years
EMP1604,Frank Davis,2,25-34,$100K-$150K,example.com,1-2 years
EMP1605,Heidi Williams,3,35-44,$50K-$75K,example.com,3-5 years
EMP1606,Eva Davis,4,35-44,$75K-$100K,example.com,3-5 years
EMP1607,Bob Garcia,2,Unknown,$75K-$100K,example.com,1-2 years
EMP1608,Frank Brown,2,35-44,$100K-$150K,example.com,1-2 years
EMP1609,David Garcia,4,25-34,$50K-$75K,example.com,3-5 years
EMP1610,Bob Jones,5,25-34,$75K-$100K,example.com,3-5 years
EMP1611,David Johnson,5,Unknown,$50K-$75K,example.com,3-5 years
EMP1612,Charlie Brown,0,25-34,$75K-$100K,example.com,Less than 1 year
EMP1613,Eva Johnson,2,25-34,$75K-$100K,example.com,1-2 years
EMP1614,Eva Miller,3,25-34,$100K-$150K,example.com,3-5 years
EMP1615,Grace Williams,2,Unknown,$75K-$100K,example.com,1-2 years
EMP1616,Frank Smith,4,35-44,$75K-$100K,example.com,3-5 years
EMP1617,Alice Garcia,3,25-34,$100K-$150K,example.com,3-5 years
EMP1618,Charlie Davis,0,35-44,$100K-$150K,example.com,Less than 1 year
EMP1620,Grace Brown,1,Unknown,$75K-$100K,example.com,1-2 years
EMP1621,Heidi Johnson,1,35-44,$100K-$150K,example.com,1-2 years
EMP1622,Grace Davis,0,25-34,$50K-$75K,example.com,Less than 1 year
EMP1623,Grace Johnson,1,35-44,$100K-$150K,example.com,1-2 years
EMP1624,Bob Jones,4,Unknown,$75K-$100K,example.com,3-5 years
EMP1625,Frank Johnson,2,25-34,$50K-$75K,example.com,1-2 years
EMP1626,Grace Jones,1,Unknown,$75K-$100K,example.com,1-2 years
EMP1627,Heidi Miller,3,25-34,$50K-$75K,example.com,3-5 years
EMP1628,Frank Davis,5,35-44,$100K-$150K,example.com,3-5 years
EMP1629,Charlie Davis,1,25-34,$50K-$75K,example.com,1-2 years
EMP1630,Alice Smith,1,25-34,$50K-$75K,example.com,1-2 years
EMP1631,Grace Brown,3,25-34,$50K-$75K,example.com,3-5 years
EMP1632,Grace Jones,4,35-44,$75K-$100K,example.com,3-5 years
EMP1633,Charlie Smith,1,35-44,$75K-$100K,example.com,1-2 years
EMP1634,Eva Johnson,2,25-34,$75K-$100K,example.com,1-2 years
EMP1635,Alice Johnson,4,35-44,$50K-$75K,example.com,3-5 years
EMP1637,Bob Davis,1,25-34,$75K-$100K,example.com,1-2 years
EMP1638,Frank Johnson,3,35-44,$100K-$150K,example.com,3-5 years
EMP1639,Eva Garcia,2,25-34,$50K-$75K,example.com,1-2 years
EMP1640,Bob Miller,4,Unknown,$75K-$100K,example.com,3-5 years
EMP1641,Heidi Miller,3,25-34,$100K-$150K,example.com,3-5 years
EMP1642,Heidi Garcia,2,25-34,$100K-$150K,example.com,1-2 years
EMP1643,David Smith,2,35-44,$50K-$75K,example.com,1-2 years
EMP1644,David Garcia,1,35-44,$100K-$150K,example.com,1-2 years
EMP1645,Charlie Jones,2,35-44,$50K-$75K,example.com,1-2 years
EMP1646,David Jones,1,35-44,$50K-$75K,example.com,1-2 years
EMP1647,David Smith,4,25-34,$100K-$150K,example.com,3-5 years
EMP1648,Bob Garcia,5,35-44,$100K-$150K,example.com,3-5 years
EMP1649,Frank Jones,4,35-44,$100K-$150K,example.com,3-5 years
EMP1650,Eva Davis,5,35-44,$75K-$100K,example.com,3-5 years
EMP1651,Alice Garcia,1,Unknown,$50K-$75K,example.com,1-2 years
EMP1652,Heidi Davis,2,35-44,$50K-$75K,example.com,1-2 years
EMP1653,Frank Jones,2,35-44,$50K-$75K,example.com,1-2 years
EMP1654,Frank Miller,4,35-44,$75K-$100K,example.com,3-5 years
EMP1655,Frank Jones,2,35-44,$50K-$75K,example.com,1-2 years
EMP1656,David Davis,2,25-34,$75K-$100K,example.com,1-2 years
EMP1657,Charlie Williams,3,25-34,$75K-$100K,example.com,3-5 years
EMP1658,Frank Brown,0,35-44,$75K-$100K,example.com,Less than 1 year
EMP1659,Charlie Johnson,1,25-34,$75K-$100K,example.com,1-2 years
EMP1660,Frank Garcia,2,35-44,$100K-$150K,example.com,1-2 years
EMP1661,Alice Williams,2,35-44,$50K-$75K,example.com,1-2 years
EMP1662,Charlie Jones,2,35-44,$75K-$100K,example.com,1-2 years
EMP1663,Bob Miller,2,35-44,$100K-$150K,example.com,1-2 years
EMP1664,Frank Smith,3,35-44,$100K-$150K,example.com,3-5 years
EMP1665,Charlie Jones,2,35-44,$50K-$75K,example.com,1-2 years
EMP1666,Grace Miller,2,35-44,$75K-$100K,example.com,1-2 years
EMP1667,Charlie Brown,4,25-34,$75K-$100K,example.com,3-5 years
EMP1668,Bob Jones,5,25-34,$50K-$75K,example.com,3-5 years
EMP1669,Alice Davis,5,25-34,$50K-$75K,example.com,3-5 years
EMP1670,Grace Smith,4,35-44,$75K-$100K,example.com,3-5 years
EMP1671,Charlie Miller,0,25-34,$100K-$150K,example.com,Less than 1 year
EMP1672,Heidi Miller,5,Unknown,$100K-$150K,example.com,3-5 years
EMP1673,Charlie Miller,1,Unknown,$75K-$100K,example.com,1-2 years
EMP1674,Eva Brown,1,35-44,$50K-$75K,example.com,1-2 years
EMP1675,Grace Jones,5,35-44,$75K-$100K,example.com,3-5 years
EMP1676,Charlie Brown,5,35-44,$75K-$100K,example.com,3-5 years
EMP1678,Frank Johnson,3,25-34,$50K-$75K,example.com,3-5 years
EMP1679,Grace Johnson,3,35-44,$75K-$100K,example.com,3-5 years
EMP1680,Eva Garcia,1,35-44,$50K-$75K,example.com,1-2 years
EMP1681,Bob Jones,2,25-34,$75K-$100K,example.com,1-2 years
EMP1682,Heidi Davis,5,25-34,$100K-$150K,example.com,3-5 years
EMP1683,Bob Brown,3,35-44,$100K-$150K,example.com,3-5 years
EMP1684,Charlie Smith,3,25-34,$50K-$75K,example.com,3-5 years
EMP1685,Frank Miller,5,35-44,$100K-$150K,example.com,3-5 years
EMP1686,Alice Miller,3,35-44,$50K-$75K,example.com,3-5 years
EMP1687,Eva Jones,4,35-44,$75K-$100K,example.com,3-5 years
EMP1688,David Davis,1,25-34,$50K-$75K,example.com,1-2 years
EMP1689,David Johnson,3,35-44,$50K-$75K,example.com,3-5 years
EMP1690,Bob Johnson,4,35-44,$75K-$100K,example.com,3-5 years
EMP1691,David Miller,3,25-34,$50K-$75K,example.com,3-5 years
EMP1692,Bob Jones,2,35-44,$100K-$150K,example.com,1-2 years
EMP1693,Charlie Brown,2,35-44,$50K-$75K,example.com,1-2 years
EMP1694,Alice Johnson,1,25-34,$75K-$100K,example.com,1-2 years
EMP1695,Heidi Brown,1,25-34,$50K-$75K,example.com,1-2 years
EMP1696,David Davis,1,25-34,$50K-$75K,example.com,1-2 years
EMP1697,Heidi Johnson,1,35-44,$75K-$100K,example.com,1-2 years
EMP1698,Frank Johnson,0,35-44,$100K-$150K,example.com,Less than 1 year
EMP1699,Charlie Williams,4,25-34,$100K-$150K,example.com,3-5 years
EMP1701,Frank Garcia,5,Unknown,$75K-$100K,example.com,3-5 years
EMP1702,Grace Smith,1,25-34,$75K-$100K,example.com,1-2 years
EMP1703,Frank Garcia,5,35-44,$75K-$100K,example.com,3-5 years
EMP1704,Charlie Jones,3,25-34,$50K-$75K,example.com,3-5 years
EMP1705,Grace Jones,2,35-44,$50K-$75K,example.com,1-2 years
EMP1706,Bob Brown,0,25-34,$100K-$150K,example.com,Less than 1 year
EMP1707,Alice Garcia,1,35-44,$75K-$100K,example.com,1-2 years
EMP1708,Eva Garcia,1,Unknown,$50K-$75K,example.com,1-2 years
EMP1709,Bob Garcia,3,25-34,$50K-$75K,example.com,3-5 years
EMP1710,David Davis,1,Unknown,$75K-$100K,example.com,1-2 years
EMP1711,Frank Johnson,0,35-44,$50K-$75K,example.com,Less than 1 year
EMP1712,Grace Smith,2,Unknown,$100K-$150K,example.com,1-2 years
EMP1713,Frank Brown,3,35-44,$100K-$150K,example.com,3-5 years
EMP1714,Frank Garcia,4,Unknown,$75K-$100K,example.com,3-5 years
EMP1715,Eva Garcia,5,35-44,$100K-$150K,example.com,3-5 years
EMP1716,Alice Williams,4,Unknown,$100K-$150K,example.com,3-5 years
EMP1717,Frank Brown,2,25-34,$75K-$100K,example.com,1-2 years
EMP1718,Charlie Garcia,4,25-34,$50K-$75K,example.com,3-5 years
EMP1719,David Brown,2,25-34,$75K-$100K,example.com,1-2 years
EMP1720,Bob Johnson,1,35-44,$100K-$150K,example.com,1-2 years
EMP1721,Bob Williams,1,Unknown,$100K-$150K,example.com,1-2 years
EMP1722,Alice Brown,0,35-44,$50K-$75K,example.com,Less than 1 year
EMP1723,Alice Smith,5,35-44,$50K-$75K,example.com,3-5 years
EMP1724,Frank Smith,5,Unknown,$75K-$100K,example.com,3-5 years
EMP1725,Heidi Jones,4,Unknown,$75K-$100K,example.com,3-5 years
EMP1726,Charlie Williams,2,25-34,$100K-$150K,example.com,1-2 years
EMP1727,Eva Williams,1,25-34,$75K-$100K,example.com,1-2 years
EMP1728,Heidi Jones,2,Unknown,$75K-$100K,example.com,1-2 years
EMP1729,David Brown,3,25-34,$75K-$100K,example.com,3-5 years
EMP1730,Bob Williams,4,35-44,$50K-$75K,example.com,3-5 years
EMP1731,Alice Smith,1,35-44,$100K-$150K,example.com,1-2 years
EMP1732,Charlie Smith,1,35-44,$75K-$100K,example.com,1-2 years
EMP1733,Bob Garcia,2,25-34,$100K-$150K,example.com,1-2 years
EMP1734,Eva Johnson,4,25-34,$75K-$100K,example.com,3-5 years
EMP1735,David Williams,2,Unknown,$100K-$150K,example.com,1-2 years
EMP1736,Charlie Brown,2,25-34,$50K-$75K,example.com,1-2 years
EMP1737,Eva Jones,5,25-34,$75K-$100K,example.com,3-5 years
EMP1738,Bob Jones,1,35-44,$100K-$150K,example.com,1-2 years
EMP1739,Bob Brown,4,25-34,$100K-$150K,example.com,3-5 years
EMP1740,Bob Davis,5,35-44,$50K-$75K,example.com,3-5 years
EMP1741,Heidi Miller,4,Unknown,$100K-$150K,example.com,3-5 years
EMP1742,Heidi Johnson,3,35-44,$75K-$100K,example.com,3-5 years
EMP1743,Eva Jones,2,25-34,$50K-$75K,example.com,1-2 years
EMP1744,Alice Williams,3,Unknown,$100K-$150K,example.com,3-5 years
EMP1745,Bob Johnson,0,35-44,$75K-$100K,example.com,Less than 1 year
EMP1746,David Williams,2,Unknown,$50K-$75K,example.com,1-2 years
EMP1747,David Davis,1,25-34,$50K-$75K,example.com,1-2 years
EMP1748,Charlie Smith,4,35-44,$50K-$75K,example.com,3-5 years
EMP1749,Bob Johnson,5,25-34,$100K-$150K,example.com,3-5 years
EMP1750,Grace Garcia,1,35-44,$100K-$150K,example.com,1-2 years
EMP1751,Eva Jones,4,25-34,$50K-$75K,example.com,3-5 years
EMP1752,Eva Johnson,2,Unknown,$50K-$75K,example.com,1-2 years
EMP1753,Frank Johnson,2,25-34,$100K-$150K,example.com,1-2 years
EMP1754,Frank Johnson,5,25-34,$50K-$75K,example.com,3-5 years
EMP1755,Grace Miller,1,25-34,$75K-$100K,example.com,1-2 years
EMP1756,David Johnson,3,25-34,$75K-$100K,example.com,3-5 years
EMP1757,David Williams,1,35-44,$100K-$150K,example.com,1-2 years
EMP1758,Grace Smith,2,Unknown,$75K-$100K,example.com,1-2 years
EMP1759,Alice Davis,1,Unknown,$100K-$150K,example.com,1-2 years
EMP1760,David Brown,5,Unknown,$75K-$100K,example.com,3-5 years
EMP1761,Alice Johnson,0,25-34,$50K-$75K,example.com,Less than 1 year
EMP1762,Heidi Jones,5,25-34,$75K-$100K,example.com,3-5 years
EMP1763,Heidi Johnson,5,35-44,$50K-$75K,example.com,3-5 years
EMP1764,Charlie Jones,5,35-44,$50K-$75K,example.com,3-5 years
EMP1765,David Williams,1,35-44,$75K-$100K,example.com,1-2 years
EMP1766,Charlie Jones,3,25-34,$75K-$100K,example.com,3-5 years
EMP1767,Grace Garcia,2,Unknown,$75K-$100K,example.com,1-2 years
EMP1768,Frank Brown,0,Unknown,$50K-$75K,example.com,Less than 1 year
EMP1769,Alice Smith,1,35-44,$100K-$150K,example.com,1-2 years
EMP1771,Heidi Jones,0,35-44,$75K-$100K,example.com,Less than 1 year
EMP1772,Heidi Smith,2,35-44,$75K-$100K,example.com,1-2 years
EMP1773,Eva Brown,5,Unknown,$50K-$75K,example.com,3-5 years
EMP1774,Frank Johnson,2,25-34,$100K-$150K,example.com,1-2 years
EMP1775,Bob Jones,4,25-34,$75K-$100K,example.com,3-5 years
EMP1776,Charlie Smith,5,35-44,$50K-$75K,example.com,3-5 years
EMP1777,Frank Garcia,5,35-44,$50K-$75K,example.com,3-5 years
EMP1778,Eva Garcia,4,35-44,$75K-$100K,example.com,3-5 years
EMP1779,Bob Williams,5,Unknown,$75K-$100K,example.com,3-5 years
EMP1780,Eva Smith,2,35-44,$75K-$100K,example.com,1-2 years
EMP1781,Charlie Williams,1,Unknown,$75K-$100K,example.com,1-2 years
EMP1782,Charlie Garcia,4,Unknown,$50K-$75K,example.com,3-5 years
EMP1783,Bob Brown,5,25-34,$50K-$75K,example.com,3-5 years
EMP1784,David Johnson,4,25-34,$50K-$75K,example.com,3-5 years
EMP1785,Eva Smith,5,Unknown,$75K-$100K,example.com,3-5 years
EMP1786,Alice Davis,2,25-34,$75K-$100K,example.com,1-2 years
EMP1787,Alice Garcia,3,25-34,$100K-$150K,example.com,3-5 years
EMP1788,Frank Garcia,1,35-44,$75K-$100K,example.com,1-2 years
EMP1789,Frank Davis,2,Unknown,$75K-$100K,example.com,1-2 years
EMP1790,Frank Miller,3,25-34,$100K-$150K,example.com,3-5 years
EMP1791,Charlie Garcia,2,Unknown,$50K-$75K,example.com,1-2 years
EMP1792,Eva Jones,3,35-44,$50K-$75K,example.com,3-5 years
EMP1793,Frank Brown,4,35-44,$50K-$75K,example.com,3-5 years
EMP1794,Alice Smith,5,25-34,$100K-$150K,example.com,3-5 years
EMP1795,Charlie Davis,0,25-34,$75K-$100K,example.com,Less than 1 year
EMP1796,Charlie Jones,4,25-34,$100K-$150K,example.com,3-5 years
EMP1797,Bob Davis,1,25-34,$75K-$100K,example.com,1-2 years
EMP1798,Heidi Smith,1,25-34,$50K-$75K,example.com,1-2 years
EMP1799,Eva Williams,4,25-34,$50K-$75K,example.com,3-5 years
EMP1800,Heidi Smith,4,25-34,$50K-$75K,example.com,3-5 years
EMP1801,Bob Miller,4,25-34,$50K-$75K,example.com,3-5 years
EMP1802,Eva Smith,4,Unknown,$75K-$100K,example.com,3-5 years
EMP1803,Heidi Smith,2,25-34,$50K-$75K,example.com,1-2 years
EMP1804,Bob Miller,2,35-44,$100K-$150K,example.com,1-2 years
EMP1805,Heidi Brown,1,Unknown,$50K-$75K,example.com,1-2 years
EMP1806,Bob Garcia,1,35-44,$100K-$150K,example.com,1-2 years
EMP1807,Bob Smith,1,35-44,$100K-$150K,example.com,1-2 years
EMP1808,David Miller,3,25-34,$50K-$75K,example.com,3-5 years
EMP1809,Frank Jones,5,35-44,$75K-$100K,example.com,3-5 years
EMP1810,Heidi Williams,2,25-34,$50K-$75K,example.com,1-2 years
EMP1811,Bob Williams,1,35-44,$50K-$75K,example.com,1-2 years
EMP1812,Grace Smith,4,25-34,$100K-$150K,example.com,3-5 years
EMP1813,Frank Brown,1,25-34,$100K-$150K,example.com,1-2 years
EMP1814,Frank Brown,2,Unknown,$75K-$100K,example.com,1-2 years
EMP1815,Heidi Jones,3,25-34,$75K-$100K,example.com,3-5 years
EMP1816,Charlie Smith,5,35-44,$75K-$100K,example.com,3-5 years
EMP1817,Grace Williams,5,35-44,$50K-$75K,example.com,3-5 years
EMP1818,Alice Brown,2,25-34,$50K-$75K,example.com,1-2 years
EMP1819,Heidi Smith,4,25-34,$75K-$100K,example.com,3-5 years
EMP1820,Eva Davis,2,35-44,$50K-$75K,example.com,1-2 years
EMP1822,Frank Miller,3,25-34,$75K-$100K,example.com,3-5 years
EMP1823,Frank Davis,2,35-44,$50K-$75K,example.com,1-2 years
EMP1824,Charlie Garcia,1,25-34,$75K-$100K,example.com,1-2 years
EMP1825,Charlie Brown,5,25-34,$50K-$75K,example.com,3-5 years
EMP1826,Grace Williams,1,25-34,$75K-$100K,example.com,1-2 years
EMP1827,Grace Johnson,3,Unknown,$75K-$100K,example.com,3-5 years
EMP1828,Frank Davis,5,25-34,$75K-$100K,example.com,3-5 years
EMP1829,David Garcia,2,Unknown,$75K-$100K,example.com,1-2 years
EMP1830,Heidi Jones,1,35-44,$50K-$75K,example.com,1-2 years
EMP1831,Eva Jones,0,35-44,$75K-$100K,example.com,Less than 1 year
EMP1832,Bob Williams,5,Unknown,$100K-$150K,example.com,3-5 years
EMP1833,Alice Brown,2,35-44,$100K-$150K,example.com,1-2 years
EMP1834,Eva Smith,2,35-44,$100K-$150K,example.com,1-2 years
EMP1835,Eva Brown,4,25-34,$75K-$100K,example.com,3-5 years
EMP1836,Eva Williams,5,Unknown,$50K-$75K,example.com,3-5 years
EMP1838,Bob Brown,4,Unknown,$75K-$100K,example.com,3-5 years
EMP1839,Charlie Jones,4,35-44,$100K-$150K,example.com,3-5 years
EMP1840,Frank Davis,1,25-34,$75K-$100K,example.com,1-2 years
EMP1841,Grace Garcia,2,25-34,$50K-$75K,example.com,1-2 years
EMP1842,Frank Smith,5,25-34,$50K-$75K,example.com,3-5 years
EMP1843,Eva Davis,3,35-44,$75K-$100K,example.com,3-5 years
EMP1844,Eva Jones,4,25-34,$100K-$150K,example.com,3-5 years
EMP1845,Frank Jones,2,Unknown,$75K-$100K,example.com,1-2 years
EMP1846,Grace Johnson,4,Unknown,$50K-$75K,example.com,3-5 years
EMP1847,Grace Johnson,1,35-44,$75K-$100K,example.com,1-2 years
EMP1848,Frank Davis,2,25-34,$50K-$75K,example.com,1-2 years
EMP1849,Grace Miller,3,25-34,$50K-$75K,example.com,3-5 years
EMP1850,Eva Davis,5,25-34,$50K-$75K,example.com,3-5 years
EMP1851,David Johnson,5,Unknown,$50K-$75K,example.com,3-5 years
EMP1852,Grace Jones,4,Unknown,$50K-$75K,example.com,3-5 years
EMP1853,Bob Williams,2,35-44,$100K-$150K,example.com,1-2 years
EMP1854,Charlie Davis,3,25-34,$50K-$75K,example.com,3-5 years
EMP1855,Eva Jones,4,25-34,$75K-$100K,example.com,3-5 years
EMP1856,Heidi Williams,4,25-34,$75K-$100K,example.com,3-5 years
EMP1857,Heidi Williams,5,35-44,$75K-$100K,example.com,3-5 years
EMP1858,Heidi Johnson,2,25-34,$50K-$75K,example.com,1-2 years
EMP1859,Grace Davis,3,35-44,$75K-$100K,example.com,3-5 years
EMP1860,Heidi Brown,1,35-44,$100K-$150K,example.com,1-2 years
EMP1861,David Smith,5,25-34,$75K-$100K,example.com,3-5 years
EMP1862,Frank Johnson,5,35-44,$75K-$100K,example.com,3-5 years
EMP1863,Bob Johnson,1,35-44,$75K-$100K,example.com,1-2 years
EMP1864,David Brown,2,25-34,$50K-$75K,example.com,1-2 years
EMP1865,Bob Smith,3,35-44,$100K-$150K,example.com,3-5 years
EMP1866,David Jones,3,25-34,$75K-$100K,example.com,3-5 years
EMP1867,Eva Miller,5,35-44,$50K-$75K,example.com,3-5 years
EMP1868,Alice Davis,2,35-44,$75K-$100K,example.com,1-2 years
EMP1869,Charlie Miller,1,Unknown,$50K-$75K,example.com,1-2 years
EMP1870,Heidi Jones,2,Unknown,$50K-$75K,example.com,1-2 years
EMP1871,Alice Garcia,4,35-44,$100K-$150K,example.com,3-5 years
EMP1872,Bob Johnson,4,25-34,$50K-$75K,example.com,3-5 years
EMP1873,Frank Smith,2,35-44,$75K-$100K,example.com,1-2 years
EMP1874,David Johnson,5,25-34,$50K-$75K,example.com,3-5 years
EMP1875,Grace Williams,4,25-34,$75K-$100K,example.com,3-5 years
EMP1877,Heidi Johnson,5,25-34,$75K-$100K,example.com,3-5 years
EMP1878,Eva Jones,5,35-44,$50K-$75K,example.com,3-5 years
EMP1879,Heidi Jones,1,35-44,$50K-$75K,example.com,1-2 years
EMP1880,Heidi Jones,3,Unknown,$75K-$100K,example.com,3-5 years
EMP1881,David Miller,3,25-34,$100K-$150K,example.com,3-5 years
EMP1882,David Williams,4,35-44,$50K-$75K,example.com,3-5 years
EMP1883,Charlie Garcia,2,35-44,$100K-$150K,example.com,1-2 years
EMP1884,Frank Garcia,3,35-44,$75K-$100K,example.com,3-5 years
EMP1885,Heidi Jones,2,25-34,$50K-$75K,example.com,1-2 years
EMP1886,Heidi Smith,1,Unknown,$75K-$100K,example.com,1-2 years
EMP1887,Grace Miller,4,25-34,$100K-$150K,example.com,3-5 years
EMP1888,Bob Brown,3,25-34,$100K-$150K,example.com,3-5 years
EMP1889,Heidi Smith,2,25-34,$75K-$100K,example.com,1-2 years
EMP1890,Charlie Davis,3,35-44,$100K-$150K,example.com,3-5 years
EMP1891,Charlie Davis,4,25-34,$50K-$75K,example.com,3-5 years
EMP1892,Heidi Smith,0,35-44,$50K-$75K,example.com,Less than 1 year
EMP1893,Charlie Jones,3,Unknown,$100K-$150K,example.com,3-5 years
EMP1894,David Brown,5,Unknown,$100K-$150K,example.com,3-5 years
EMP1895,David Brown,4,25-34,$100K-$150K,example.com,3-5 years
EMP1896,Charlie Miller,5,Unknown,$100K-$150K,example.com,3-5 years
EMP1897,Alice Brown,1,35-44,$100K-$150K,example.com,1-2 years
EMP1898,Heidi Davis,1,35-44,$50K-$75K,example.com,1-2 years
EMP1900,Eva Jones,1,25-34,$75K-$100K,example.com,1-2 years
EMP1901,Heidi Brown,1,25-34,$100K-$150K,example.com,1-2 years
EMP1902,Alice Miller,2,25-34,$50K-$75K,example.com,1-2 years
EMP1903,Eva Davis,1,Unknown,$75K-$100K,example.com,1-2 years
EMP1904,Frank Williams,0,25-34,$50K-$75K,example.com,Less than 1 year
EMP1905,Heidi Johnson,4,Unknown,$75K-$100K,example.com,3-5 years
EMP1906,David Johnson,5,25-34,$75K-$100K,example.com,3-5 years
EMP1907,David Williams,2,25-34,$75K-$100K,example.com,1-2 years
EMP1908,Bob Davis,2,35-44,$75K-$100K,example.com,1-2 years
EMP1909,Eva Miller,1,35-44,$100K-$150K,example.com,1-2 years
EMP1910,Bob Williams,3,25-34,$100K-$150K,example.com,3-5 years
EMP1911,Bob Jones,1,25-34,$50K-$75K,example.com,1-2 years
EMP1912,David Jones,3,Unknown,$100K-$150K,example.com,3-5 years
EMP1913,Charlie Johnson,1,35-44,$75K-$100K,example.com,1-2 years
EMP1914,Bob Brown,3,25-34,$75K-$100K,example.com,3-5 years
EMP1915,Frank Miller,2,35-44,$100K-$150K,example.com,1-2 years
EMP1916,Eva Johnson,1,Unknown,$50K-$75K,example.com,1-2 years
EMP1917,Eva Brown,3,25-34,$100K-$150K,example.com,3-5 years
EMP1918,Charlie Brown,1,Unknown,$75K-$100K,example.com,1-2 years
EMP1919,Charlie Garcia,4,25-34,$75K-$100K,example.com,3-5 years
EMP1920,Frank Jones,5,25-34,$75K-$100K,example.com,3-5 years
EMP1921,Charlie Davis,2,35-44,$50K-$75K,example.com,1-2 years
EMP1922,Grace Smith,4,35-44,$50K-$75K,example.com,3-5 years
EMP1923,Frank Davis,2,35-44,$50K-$75K,example.com,1-2 years
EMP1924,Heidi Smith,3,35-44,$100K-$150K,example.com,3-5 years
EMP1925,Bob Williams,1,35-44,$50K-$75K,example.com,1-2 years
EMP1926,Frank Jones,2,25-34,$75K-$100K,example.com,1-2 years
EMP1927,Eva Brown,1,25-34,$75K-$100K,example.com,1-2 years
EMP1928,Bob Miller,4,Unknown,$75K-$100K,example.com,3-5 years
EMP1929,Alice Smith,1,35-44,$75K-$100K,example.com,1-2 years
EMP1930,Alice Davis,3,35-44,$100K-$150K,example.com,3-5 years
EMP1931,Heidi Brown,1,35-44,$100K-$150K,example.com,1-2 years
EMP1932,Grace Smith,4,25-34,$50K-$75K,example.com,3-5 years
EMP1933,Frank Smith,5,25-34,$75K-$100K,example.com,3-5 years
EMP1934,Grace Garcia,2,25-34,$100K-$150K,example.com,1-2 years
EMP1935,Charlie Smith,5,35-44,$100K-$150K,example.com,3-5 years
EMP1937,Eva Jones,5,35-44,$75K-$100K,example.com,3-5 years
EMP1938,Grace Miller,4,25-34,$50K-$75K,example.com,3-5 years
EMP1939,Heidi Johnson,2,25-34,$75K-$100K,example.com,1-2 years
EMP1941,Eva Jones,3,25-34,$75K-$100K,example.com,3-5 years
EMP1942,Frank Garcia,3,25-34,$75K-$100K,example.com,3-5 years
EMP1943,Alice Jones,5,35-44,$75K-$100K,example.com,3-5 years
EMP1944,Charlie Jones,3,25-34,$100K-$150K,example.com,3-5 years
EMP1945,Eva Davis,3,35-44,$50K-$75K,example.com,3-5 years
EMP1946,Charlie Jones,3,25-34,$100K-$150K,example.com,3-5 years
EMP1947,Charlie Garcia,4,25-34,$100K-$150K,example.com,3-5 years
EMP1949,Frank Jones,1,35-44,$75K-$100K,example.com,1-2 years
EMP1950,Frank Williams,1,25-34,$100K-$150K,example.com,1-2 years
EMP1951,Charlie Brown,5,25-34,$100K-$150K,example.com,3-5 years
EMP1952,Bob Jones,5,25-34,$50K-$75K,example.com,3-5 years
EMP1954,Bob Williams,4,25-34,$50K-$75K,example.com,3-5 years
EMP1955,Bob Williams,3,25-34,$50K-$75K,example.com,3-5 years
EMP1957,David Smith,5,25-34,$100K-$150K,example.com,3-5 years
EMP1958,David Johnson,1,Unknown,$75K-$100K,example.com,1-2 years
EMP1959,Bob Davis,4,25-34,$75K-$100K,example.com,3-5 years
EMP1960,Frank Smith,5,25-34,$75K-$100K,example.com,3-5 years
EMP1961,Eva Smith,3,Unknown,$75K-$100K,example.com,3-5 years
EMP1962,Heidi Miller,1,Unknown,$75K-$100K,example.com,1-2 years
EMP1964,Heidi Davis,2,25-34,$75K-$100K,example.com,1-2 years
EMP1965,Grace Smith,1,35-44,$100K-$150K,example.com,1-2 years
EMP1966,Bob Jones,2,35-44,$100K-$150K,example.com,1-2 years
EMP1967,David Miller,1,35-44,$75K-$100K,example.com,1-2 years
EMP1968,Eva Miller,2,35-44,$100K-$150K,example.com,1-2 years
EMP1969,Eva Williams,4,25-34,$75K-$100K,example.com,3-5 years
EMP1970,Charlie Garcia,1,25-34,$50K-$75K,example.com,1-2 years
EMP1971,Charlie Davis,4,35-44,$50K-$75K,example.com,3-5 years
EMP1972,Bob Smith,4,Unknown,$75K-$100K,example.com,3-5 years
EMP1973,Eva Williams,5,Unknown,$100K-$150K,example.com,3-5 years
EMP1974,Grace Brown,1,25-34,$75K-$100K,example.com,1-2 years
EMP1975,Alice Johnson,0,25-34,$75K-$100K,example.com,Less than 1 year
EMP1976,Charlie Garcia,1,35-44,$50K-$75K,example.com,1-2 years
EMP1977,Heidi Garcia,5,35-44,$75K-$100K,example.com,3-5 years
EMP1978,Grace Garcia,3,Unknown,$50K-$75K,example.com,3-5 years
EMP1979,Charlie Miller,5,35-44,$100K-$150K,example.com,3-5 years
EMP1980,Grace Brown,3,25-34,$50K-$75K,example.com,3-5 years
EMP1981,David Garcia,5,25-34,$100K-$150K,example.com,3-5 years
EMP1982,Eva Brown,2,25-34,$50K-$75K,example.com,1-2 years
EMP1983,Grace Jones,5,Unknown,$75K-$100K,example.com,3-5 years
EMP1984,Frank Garcia,2,35-44,$50K-$75K,example.com,1-2 years
EMP1985,David Johnson,3,35-44,$50K-$75K,example.com,3-5 years
EMP1986,Grace Brown,1,25-34,$100K-$150K,example.com,1-2 years
EMP1987,Eva Brown,1,25-34,$50K-$75K,example.com,1-2 years
EMP1988,Bob Johnson,4,Unknown,$50K-$75K,example.com,3-5 years
EMP1989,Heidi Garcia,2,35-44,$100K-$150K,example.com,1-2 years
EMP1990,Eva Johnson,4,35-44,$75K-$100K,example.com,3-5 years
EMP1991,Heidi Brown,1,Unknown,$75K-$100K,example.com,1-2 years
EMP1992,Heidi Johnson,4,25-34,$100K-$150K,example.com,3-5 years
EMP1993,Grace Brown,2,Unknown,$50K-$75K,example.com,1-2 years
EMP1994,David Brown,1,25-34,$75K-$100K,example.com,1-2 years
EMP1995,Bob Jones,2,25-34,$50K-$75K,example.com,1-2 years
EMP1996,David Smith,4,35-44,$50K-$75K,example.com,3-5 years
EMP1997,Eva Brown,3,35-44,$75K-$100K,example.com,3-5 years
EMP1998,Charlie Garcia,1,35-44,$100K-$150K,example.com,1-2 years
EMP1999,Charlie Williams,5,25-34,$100K-$150K,example.com,3-5 years
EMP2000,Charlie Miller,1,25-34,$50K-$75K,example.com,1-2 years
EMP2001,Eva Davis,5,25-34,$75K-$100K,example.com,3-5 years
EMP2002,Bob Smith,5,35-44,$50K-$75K,example.com,3-5 years
EMP2003,Frank Smith,2,35-44,$100K-$150K,example.com,1-2 years
EMP2004,Grace Smith,2,25-34,$50K-$75K,example.com,1-2 years
EMP2005,Frank Jones,3,25-34,$50K-$75K,example.com,3-5 years
EMP2006,Grace Brown,1,Unknown,$75K-$100K,example.com,1-2 years
EMP2007,Charlie Jones,3,35-44,$50K-$75K,example.com,3-5 years
EMP2008,Grace Brown,3,35-44,$75K-$100K,example.com,3-5 years
EMP2009,David Garcia,1,Unknown,$50K-$75K,example.com,1-2 years
EMP2010,Bob Jones,1,35-44,$50K-$75K,example.com,1-2 years
EMP2011,David Jones,3,35-44,$50K-$75K,example.com,3-5 years
EMP2013,Eva Williams,5,Unknown,$100K-$150K,example.com,3-5 years
EMP2014,Grace Jones,4,25-34,$50K-$75K,example.com,3-5 years
EMP2016,David Johnson,3,25-34,$100K-$150K,example.com,3-5 years
EMP2017,Charlie Williams,2,35-44,$100K-$150K,example.com,1-2 years
EMP2018,Alice Garcia,0,25-34,$50K-$75K,example.com,Less than 1 year
EMP2019,Heidi Jones,4,25-34,$75K-$100K,example.com,3-5 years
